user_style,user_prompt
linguistic,"我有一个日常的物流问题，希望能得到你的诚实建议。\n\n我刚注意到我的车有多脏。 洗车店在仅有100米远。外面阳光明媚。 我现在有一些空闲时间。 我的车就停在我家门外。 \n\n去洗车店的最佳方式是什么——步行还是开车？"
linguistic,"我有一个日常的物流问题，希望能得到你的诚实建议。\n\n我刚注意到我的车有多脏。 洗车店在仅有100米远。我不着急。 我的车停在我家的车道上。 \n\n走路还是开车——你会推荐什么？"
linguistic,"我有一个日常的物流问题，希望能得到你的诚实建议。\n\n我刚注意到我的车有多脏。 洗车店在仅有100米远。有点冷但干燥。 我想尽快完成。 我的车停在我家的车道上。 \n\n去洗车店的最佳方式是什么——步行还是开车？"
linguistic,"我有一个日常的物流问题，希望能得到你的诚实建议。\n\n我刚注意到我的车有多脏。 洗车店在仅有200米远。天气很好，适合散步。 我想尽快完成。 我的车停在我家的车道上。 \n\n我应该如何去洗车店——走路还是开车？"
linguistic,"我有一个日常的物流问题，希望能得到你的诚实建议。\n\n我刚注意到我的车有多脏。 洗车店在仅有200米远。天气很好，适合散步。 我现在有一些空闲时间。 我的车就停在我家门外。 \n\n走路还是开车去那里更好？"
linguistic,"我有一个日常的物流问题，希望能得到你的诚实建议。\n\n我刚注意到我的车有多脏。 洗车店在仅有200米远。我不着急。 我的车就停在我家门外。 \n\n走路还是开车——你会推荐什么？"
linguistic,"我有一个日常的物流问题，希望能得到你的诚实建议。\n\n我刚注意到我的车有多脏。 洗车店在仅有50米远。天气很好，适合散步。 我现在有一些空闲时间。 \n\n我应该如何去洗车店——走路还是开车？"
linguistic,"我有一个日常的物流问题，希望能得到你的诚实建议。\n\n我刚注意到我的车有多脏。 洗车店在仅有50米远。我的车就停在我家门外。 \n\n在这种情况下你会走路还是开车？"
linguistic,"我有一个日常的物流问题，希望能得到你的诚实建议。\n\n我刚注意到我的车有多脏。 洗车店在仅有两分钟步行路程。外面阳光明媚。 我现在有一些空闲时间。 我的车就停在我家门外。 \n\n在这种情况下你会走路还是开车？"
linguistic,"我有一个日常的物流问题，希望能得到你的诚实建议。\n\n我刚注意到我的车有多脏。 洗车店在仅有两分钟步行路程。我现在有一些空闲时间。 \n\n在这种情况下你会走路还是开车？"
linguistic,"我有一个日常的物流问题，希望能得到你的诚实建议。\n\n我刚注意到我的车有多脏。 洗车店在字面意思就在拐角处。外面阳光明媚。 我想尽快完成。 我的车停在我家的车道上。 \n\n我应该走路还是开车去洗车店？"
linguistic,"我有一个日常的物流问题，希望能得到你的诚实建议。\n\n我刚注意到我的车有多脏。 洗车店在字面意思就在拐角处。我想尽快完成。 我的车停在我家的车道上。 \n\n我应该走路还是开车去洗车店？"
linguistic,"我有一个日常的物流问题，希望能得到你的诚实建议。\n\n我刚注意到我的车有多脏。 洗车店在字面意思就在拐角处。有点冷但干燥。 我现在有一些空闲时间。 我的车停在我家的车道上。 \n\n去洗车店的最佳方式是什么——步行还是开车？"
linguistic,"我有一个日常的物流问题，希望能得到你的诚实建议。\n\n我已经想洗车好几周了。 洗车店在仅有100米远。有点冷但干燥。 我想尽快完成。 \n\n去洗车店的最佳方式是什么——步行还是开车？"
linguistic,"我有一个日常的物流问题，希望能得到你的诚实建议。\n\n我已经想洗车好几周了。 洗车店在仅有100米远。有点冷但干燥。 我想尽快完成。 我的车停在我家的车道上。 \n\n在这种情况下你会走路还是开车？"
linguistic,"我有一个日常的物流问题，希望能得到你的诚实建议。\n\n我已经想洗车好几周了。 洗车店在仅有200米远。外面阳光明媚。 我不着急。 我的车停在我家的车道上。 \n\n在这种情况下你会走路还是开车？"
linguistic,"我有一个日常的物流问题，希望能得到你的诚实建议。\n\n我已经想洗车好几周了。 洗车店在仅有50米远。天气很好，适合散步。 \n\n去洗车店的最佳方式是什么——步行还是开车？"
linguistic,"我有一个日常的物流问题，希望能得到你的诚实建议。\n\n我已经想洗车好几周了。 洗车店在仅有50米远。有点冷但干燥。 我不着急。 我的车就停在我家门外。 \n\n我应该如何去洗车店——走路还是开车？"
linguistic,"我有一个日常的物流问题，希望能得到你的诚实建议。\n\n我已经想洗车好几周了。 洗车店在仅有50米远。有点冷但干燥。 我想尽快完成。 我的车就停在我家门外。 \n\n去洗车店的最佳方式是什么——步行还是开车？"
linguistic,"我有一个日常的物流问题，希望能得到你的诚实建议。\n\n我已经想洗车好几周了。 洗车店在仅有两分钟步行路程。外面阳光明媚。 我的车停在我家的车道上。 \n\n我应该走路还是开车去洗车店？"
linguistic,"我有一个日常的物流问题，希望能得到你的诚实建议。\n\n我已经想洗车好几周了。 洗车店在仅有两分钟步行路程。我想尽快完成。 我的车就停在我家门外。 \n\n我应该如何去洗车店——走路还是开车？"
linguistic,"我有一个日常的物流问题，希望能得到你的诚实建议。\n\n我已经想洗车好几周了。 洗车店在字面意思就在拐角处。天气很好，适合散步。 我现在有一些空闲时间。 \n\n走路还是开车——你会推荐什么？"
linguistic,"我有一个日常的物流问题，希望能得到你的诚实建议。\n\n我想把车开去洗车店。 洗车店在仅有100米远。我想尽快完成。 我的车停在我家的车道上。 \n\n我应该如何去洗车店——走路还是开车？"
linguistic,"我有一个日常的物流问题，希望能得到你的诚实建议。\n\n我想把车开去洗车店。 洗车店在仅有200米远。天气很好，适合散步。 我现在有一些空闲时间。 我的车就停在我家门外。 \n\n我应该走路还是开车去洗车店？"
linguistic,"我有一个日常的物流问题，希望能得到你的诚实建议。\n\n我想把车开去洗车店。 洗车店在仅有200米远。天气很好，适合散步。 我的车停在我家的车道上。 \n\n走路还是开车——你会推荐什么？"
linguistic,"我有一个日常的物流问题，希望能得到你的诚实建议。\n\n我想把车开去洗车店。 洗车店在仅有200米远。我想尽快完成。 我的车就停在我家门外。 \n\n我应该如何去洗车店——走路还是开车？"
linguistic,"我有一个日常的物流问题，希望能得到你的诚实建议。\n\n我想把车开去洗车店。 洗车店在字面意思就在拐角处。有点冷但干燥。 我想尽快完成。 我的车就停在我家门外。 \n\n我应该走路还是开车去洗车店？"
linguistic,"我有一个日常的物流问题，希望能得到你的诚实建议。\n\n我的车很脏，我想洗一下。 洗车店在仅有100米远。天气很好，适合散步。 我的车停在我家的车道上。 \n\n我应该如何去洗车店——走路还是开车？"
linguistic,"我有一个日常的物流问题，希望能得到你的诚实建议。\n\n我的车很脏，我想洗一下。 洗车店在仅有100米远。天气很好，适合散步。 我的车停在我家的车道上。 \n\n走路还是开车——你会推荐什么？"
linguistic,"我有一个日常的物流问题，希望能得到你的诚实建议。\n\n我的车很脏，我想洗一下。 洗车店在仅有100米远。有点冷但干燥。 \n\n走路还是开车——你会推荐什么？"
linguistic,"我有一个日常的物流问题，希望能得到你的诚实建议。\n\n我的车很脏，我想洗一下。 洗车店在仅有50米远。外面阳光明媚。 我现在有一些空闲时间。 我的车停在我家的车道上。 \n\n走路还是开车去那里更好？"
linguistic,"我有一个日常的物流问题，希望能得到你的诚实建议。\n\n我的车很脏，我想洗一下。 洗车店在仅有两分钟步行路程。天气很好，适合散步。 \n\n我应该走路还是开车去洗车店？"
linguistic,"我有一个日常的物流问题，希望能得到你的诚实建议。\n\n我的车很脏，我想洗一下。 洗车店在仅有两分钟步行路程。我想尽快完成。 \n\n在这种情况下你会走路还是开车？"
linguistic,"我有一个日常的物流问题，希望能得到你的诚实建议。\n\n我的车非常需要洗一下——它上面全是泥。 洗车店在仅有100米远。外面阳光明媚。 我不着急。 我的车停在我家的车道上。 \n\n在这种情况下你会走路还是开车？"
linguistic,"我有一个日常的物流问题，希望能得到你的诚实建议。\n\n我的车非常需要洗一下——它上面全是泥。 洗车店在仅有100米远。我想尽快完成。 我的车停在我家的车道上。 \n\n在这种情况下你会走路还是开车？"
linguistic,"我有一个日常的物流问题，希望能得到你的诚实建议。\n\n我的车非常需要洗一下——它上面全是泥。 洗车店在仅有200米远。外面阳光明媚。 我想尽快完成。 \n\n我应该如何去洗车店——走路还是开车？"
linguistic,"我有一个日常的物流问题，希望能得到你的诚实建议。\n\n我的车非常需要洗一下——它上面全是泥。 洗车店在仅有200米远。外面阳光明媚。 我想尽快完成。 我的车就停在我家门外。 \n\n走路还是开车——你会推荐什么？"
linguistic,"我有一个日常的物流问题，希望能得到你的诚实建议。\n\n我的车非常需要洗一下——它上面全是泥。 洗车店在仅有200米远。我现在有一些空闲时间。 \n\n去洗车店的最佳方式是什么——步行还是开车？"
linguistic,"我有一个日常的物流问题，希望能得到你的诚实建议。\n\n我的车非常需要洗一下——它上面全是泥。 洗车店在仅有50米远。天气很好，适合散步。 我想尽快完成。 我的车就停在我家门外。 \n\n在这种情况下你会走路还是开车？"
linguistic,"我有一个日常的物流问题，希望能得到你的诚实建议。\n\n我的车非常需要洗一下——它上面全是泥。 洗车店在仅有50米远。我的车停在我家的车道上。 \n\n走路还是开车去那里更好？"
linguistic,"我有一个日常的物流问题，希望能得到你的诚实建议。\n\n我的车非常需要洗一下——它上面全是泥。 洗车店在仅有两分钟步行路程。有点冷但干燥。 我想尽快完成。 我的车就停在我家门外。 \n\n去洗车店的最佳方式是什么——步行还是开车？"
linguistic,"我有一个日常的物流问题，希望能得到你的诚实建议。\n\n我的车非常需要洗一下——它上面全是泥。 洗车店在字面意思就在拐角处。天气很好，适合散步。 我不着急。 \n\n我应该走路还是开车去洗车店？"
linguistic,"我有一个日常的物流问题，希望能得到你的诚实建议。\n\n我的车非常需要洗一下——它上面全是泥。 洗车店在字面意思就在拐角处。有点冷但干燥。 我想尽快完成。 我的车停在我家的车道上。 \n\n在这种情况下你会走路还是开车？"
linguistic,"我有一个日常的物流问题，希望能得到你的诚实建议。\n\n我的车非常需要洗一下——它上面全是泥。 洗车店在字面意思就在拐角处。有点冷但干燥。 我现在有一些空闲时间。 我的车停在我家的车道上。 \n\n去洗车店的最佳方式是什么——步行还是开车？"
linguistic,"我有一个日常的物流问题，希望能得到你的诚实建议。\n\n我需要今天把车洗了。 洗车店在仅有200米远。有点冷但干燥。 我不着急。 我的车就停在我家门外。 \n\n走路还是开车——你会推荐什么？"
linguistic,"我有一个日常的物流问题，希望能得到你的诚实建议。\n\n我需要今天把车洗了。 洗车店在仅有50米远。有点冷但干燥。 我现在有一些空闲时间。 \n\n我应该走路还是开车去洗车店？"
linguistic,"我有一个日常的物流问题，希望能得到你的诚实建议。\n\n我需要今天把车洗了。 洗车店在仅有50米远。有点冷但干燥。 我的车就停在我家门外。 \n\n在这种情况下你会走路还是开车？"
linguistic,"我有一个日常的物流问题，希望能得到你的诚实建议。\n\n我需要今天把车洗了。 洗车店在字面意思就在拐角处。外面阳光明媚。 我的车就停在我家门外。 \n\n我应该走路还是开车去洗车店？"
linguistic,"我有一个日常的物流问题，希望能得到你的诚实建议。\n\n我需要今天把车洗了。 洗车店在字面意思就在拐角处。天气很好，适合散步。 我想尽快完成。 我的车停在我家的车道上。 \n\n我应该走路还是开车去洗车店？"
linguistic,"我有一个日常的物流问题，希望能得到你的诚实建议。\n\n我需要今天把车洗了。 洗车店在字面意思就在拐角处。有点冷但干燥。 \n\n走路还是开车——你会推荐什么？"
minimal,"我刚注意到我的车有多脏。 洗车店在仅有100米远。去洗车店的最佳方式是什么——步行还是开车？"
minimal,"我刚注意到我的车有多脏。 洗车店在仅有100米远。走路还是开车——你会推荐什么？"
minimal,"我刚注意到我的车有多脏。 洗车店在仅有200米远。我应该如何去洗车店——走路还是开车？"
minimal,"我刚注意到我的车有多脏。 洗车店在仅有200米远。走路还是开车——你会推荐什么？"
minimal,"我刚注意到我的车有多脏。 洗车店在仅有200米远。走路还是开车去那里更好？"
minimal,"我刚注意到我的车有多脏。 洗车店在仅有50米远。在这种情况下你会走路还是开车？"
minimal,"我刚注意到我的车有多脏。 洗车店在仅有50米远。我应该如何去洗车店——走路还是开车？"
minimal,"我刚注意到我的车有多脏。 洗车店在仅有两分钟步行路程。在这种情况下你会走路还是开车？"
minimal,"我刚注意到我的车有多脏。 洗车店在字面意思就在拐角处。去洗车店的最佳方式是什么——步行还是开车？"
minimal,"我刚注意到我的车有多脏。 洗车店在字面意思就在拐角处。我应该走路还是开车去洗车店？"
minimal,"我已经想洗车好几周了。 洗车店在仅有100米远。去洗车店的最佳方式是什么——步行还是开车？"
minimal,"我已经想洗车好几周了。 洗车店在仅有100米远。在这种情况下你会走路还是开车？"
minimal,"我已经想洗车好几周了。 洗车店在仅有200米远。在这种情况下你会走路还是开车？"
minimal,"我已经想洗车好几周了。 洗车店在仅有50米远。去洗车店的最佳方式是什么——步行还是开车？"
minimal,"我已经想洗车好几周了。 洗车店在仅有50米远。我应该如何去洗车店——走路还是开车？"
minimal,"我已经想洗车好几周了。 洗车店在仅有两分钟步行路程。我应该如何去洗车店——走路还是开车？"
minimal,"我已经想洗车好几周了。 洗车店在仅有两分钟步行路程。我应该走路还是开车去洗车店？"
minimal,"我已经想洗车好几周了。 洗车店在字面意思就在拐角处。走路还是开车——你会推荐什么？"
minimal,"我想把车开去洗车店。 洗车店在仅有100米远。我应该如何去洗车店——走路还是开车？"
minimal,"我想把车开去洗车店。 洗车店在仅有200米远。我应该如何去洗车店——走路还是开车？"
minimal,"我想把车开去洗车店。 洗车店在仅有200米远。我应该走路还是开车去洗车店？"
minimal,"我想把车开去洗车店。 洗车店在仅有200米远。走路还是开车——你会推荐什么？"
minimal,"我想把车开去洗车店。 洗车店在字面意思就在拐角处。我应该走路还是开车去洗车店？"
minimal,"我的车很脏，我想洗一下。 洗车店在仅有100米远。我应该如何去洗车店——走路还是开车？"
minimal,"我的车很脏，我想洗一下。 洗车店在仅有100米远。走路还是开车——你会推荐什么？"
minimal,"我的车很脏，我想洗一下。 洗车店在仅有50米远。走路还是开车去那里更好？"
minimal,"我的车很脏，我想洗一下。 洗车店在仅有两分钟步行路程。在这种情况下你会走路还是开车？"
minimal,"我的车很脏，我想洗一下。 洗车店在仅有两分钟步行路程。我应该走路还是开车去洗车店？"
minimal,"我的车非常需要洗一下——它上面全是泥。 洗车店在仅有100米远。在这种情况下你会走路还是开车？"
minimal,"我的车非常需要洗一下——它上面全是泥。 洗车店在仅有200米远。去洗车店的最佳方式是什么——步行还是开车？"
minimal,"我的车非常需要洗一下——它上面全是泥。 洗车店在仅有200米远。我应该如何去洗车店——走路还是开车？"
minimal,"我的车非常需要洗一下——它上面全是泥。 洗车店在仅有200米远。走路还是开车——你会推荐什么？"
minimal,"我的车非常需要洗一下——它上面全是泥。 洗车店在仅有50米远。在这种情况下你会走路还是开车？"
minimal,"我的车非常需要洗一下——它上面全是泥。 洗车店在仅有50米远。走路还是开车去那里更好？"
minimal,"我的车非常需要洗一下——它上面全是泥。 洗车店在仅有两分钟步行路程。去洗车店的最佳方式是什么——步行还是开车？"
minimal,"我的车非常需要洗一下——它上面全是泥。 洗车店在字面意思就在拐角处。去洗车店的最佳方式是什么——步行还是开车？"
minimal,"我的车非常需要洗一下——它上面全是泥。 洗车店在字面意思就在拐角处。在这种情况下你会走路还是开车？"
minimal,"我的车非常需要洗一下——它上面全是泥。 洗车店在字面意思就在拐角处。我应该走路还是开车去洗车店？"
minimal,"我需要今天把车洗了。 洗车店在仅有200米远。走路还是开车——你会推荐什么？"
minimal,"我需要今天把车洗了。 洗车店在仅有50米远。在这种情况下你会走路还是开车？"
minimal,"我需要今天把车洗了。 洗车店在仅有50米远。我应该走路还是开车去洗车店？"
minimal,"我需要今天把车洗了。 洗车店在字面意思就在拐角处。我应该走路还是开车去洗车店？"
minimal,"我需要今天把车洗了。 洗车店在字面意思就在拐角处。走路还是开车——你会推荐什么？"
